{"cameraMode":{"drawMode":0,"name":"Shaded","section":"Shading Mode"},"sceneLighting":false,"audioPlay":false,"sceneViewState":{"m_AlwaysRefresh":false,"showFog":true,"showSkybox":false,"showFlares":true,"showImageEffects":true,"showParticleSystems":true,"showVisualEffectGraphs":true,"m_FxEnabled":true},"in2DMode":false,"pivot":{"x":-0.04357123374938965,"y":2.536715269088745,"z":0.005835533142089844},"rotation":{"x":-0.38320350646972659,"y":-0.014690019190311432,"z":0.006090061739087105,"w":-0.9235395193099976},"size":11.545652389526368,"orthographic":false}